ПЛП;Наименование объект;Номер акта отбора проб;Дата отбора проб;Место отбора проб;Лицо, предоставившее пробу;Дата поступления материала;Наименование материала;Документ о качестве;Предприятие-изготовитель;Номер протокола;Дата протокола;Результат испытаний;Примечание
ПЛП 5;КР М4 км 103 - км 117;144;18.05.2025;А/д М-4 ?Дон? км 106+400;ГСК;20.05.2025;Бетонные образцы-кубы;В наличие;ОАО "Агросервис";25/05/25/В35/1/1025/М-4;25.05.2025;Соответствует;
ПЛП 5;КР М4 км 103 - км 117;117;27.04.2025;ПБ М-4 Дон;ГСК;06.05.2025;Бетонные образцы-кубы;В наличие;ООО "Трансстроймеханизация";25/05/25/В30/1/1025/М-4;25.05.2025;Соответствует;
ПЛП 5;КР М4 км 103 - км 117;М/19;26.04.2025;Путепровод через а/д А-113 "ЦКАД МО" и а/д А-107 "ММК";ГСК;30.04.2025;Бетонные образцы-кубы;В наличие;ООО "Оникс-Бетон";24/05/25/В30/1/1509/А-113;24.05.2025;Соответствует;
ПЛП 5;КР М4 км 103 - км 117;113;26.04.2025;км 104+900;ГСК;06.05.2025;Бетонные образцы-кубы;В наличие;ООО "Трансстроймеханизация";24/05/25/В40/1/1025/М-4;24.05.2025;Соответствует;
ПЛП 5;КР М4 км 103 - км 117;143;17.05.2025;а/д М-4 "Дон" км 108+040;ГСК;20.05.2025;Бетонные образцы-кубы;В наличие;ОАО "Агросервис";24/05/25/В25/1/1025/М-4;24.05.2025;Соответствует;
ПЛП 5;КР М4 км 103 - км 117;116;25.04.2025;ПБ М-4 Дон;ГСК;06.05.2025;Бетонные образцы-кубы;В наличие;ОАО "Агросервис";23/05/25/В30/1/1025/М-4;23.05.2025;Соответствует;
ПЛП 5;КР М4 км 103 - км 117;145;17.05.2025;ПБ М-4 Дон;ГСК;20.05.2025;ОМС 32 К по ГОСТ Р 70197.1;В наличие;ООО "Трансстроймеханизация";24/05/25/1/1025/М-4;24.05.2025;Соответствует;
ПЛП 5;КР М4 км 103 - км 117;140;15.05.2025;ПБ М-4 Дон;ГСК;20.05.2025;Бетонные образцы-кубы;В наличие;ООО "Трансстроймеханизация";22/05/25/М100/1/1025/М-4;22.05.2025;Соответствует;
ПЛП 5;КР М4 км 103 - км 117;139;15.05.2025;ПБ М-4 Дон;ГСК;20.05.2025;Бетонные образцы-кубы;В наличие;ООО "Трансстроймеханизация";22/05/25/В35/1/1025/М-4;22.05.2025;Соответствует;
ПЛП 5;КР М4 км 103 - км 117;138;14.05.2025;ПБ М-4 Дон;ГСК;20.05.2025;Бетонные образцы-кубы;В наличие;ООО "Трансстроймеханизация";21/05/25/В35/1/1025/М-4;21.05.2025;Соответствует;
ПЛП 5;КР М4 км 103 - км 117;142;18.05.2025;ПК 1113+00 (1 полоса, прямое направление);ГСК;20.05.2025;Керны АБ SP-32Э по ГОСТ Р 58401.1;Отсутствует;;20/05/25/1АБ/1025/М4;20.05.2025;Соответствует;
ПЛП 5;КР М4 км 103 - км 117;141;17.05.2025;ПК 1113+00 (прямое направление), шнек асфальтоукладчика;ГСК;20.05.2025;АБС SP-32Э по ГОСТ Р 58401.1;Отсутствует;;21/05/25/1/1025/М-4;21.05.2025;Соответствует;
ПЛП 5;КР М4 км 103 - км 117;135;20.05.2025;Штабель на складе хранения производственной базы ООО "Трансстроймеханизация" а.д. М-4 "Дон";ГСК;20.05.2025;ЩПС С-4 по ГОСТ 25607;В наличие;АО Щебеночный завод "Турдейский";21/05/25/1Щ/1025/М-4;21.05.2025;Соответствует;
ПЛП 5;КР М4 км 103 - км 117;136;20.05.2025;Площадка складирования производственной базы ООО "Трансстроймеханизация" а/д М-4 "Дон";ГСК;20.05.2025;Песок по ГОСТ 32824;В наличие;ООО "ЮГ";21/05/25/1П/1025/М-4;21.05.2025;Соответствует;
ПЛП 5;КР М4 км 103 - км 117;137;13.05.2025;ПБ М-4 Дон;ГСК;20.05.2025;Бетонные образцы-кубы;В наличие;ООО "Трансстроймеханизация";20/05/25/В30/1/1025/М-4;20.05.2025;Соответствует;
ПЛП 5;КР М4 км 103 - км 117;131;12.05.2025;А/д М-4 ?Дон?, ПК 1031+00;ГСК;15.05.2025;Бетонные образцы-кубы;В наличие;ОАО "Агросервис";19/05/25/В20/1/1025/М-4;19.05.2025;Соответствует;
ПЛП 5;КР М4 км 103 - км 117;109;20.04.2025;А/д М-4 ?Дон? км 106+400 Оп-1;ГСК;22.04.2025;Бетонные образцы-кубы;В наличие;ООО "Трансстроймеханизация";18/05/25/В35/1/1025/М-4;18.05.2025;Соответствует;
ПЛП 5;КР М4 км 103 - км 117;130;11.05.2025;ПБ М-4 Дон;ГСК;15.05.2025;Бетонные образцы-кубы;В наличие;ООО "Трансстроймеханизация";18/05/25/В30/1/1025/М-4;18.05.2025;Соответствует;
ПЛП 5;КР М4 км 103 - км 117;129;10.05.2025;ПБ М-4 Дон;ГСК;15.05.2025;Бетонные образцы-кубы;В наличие;ООО "Трансстроймеханизация";17/05/25/В35/2/1025/М-4;17.05.2025;Соответствует;
ПЛП 5;КР М4 км 103 - км 117;128;10.05.2025;ПБ М-4 Дон;ГСК;15.05.2025;Бетонные образцы-кубы;В наличие;ООО "Трансстроймеханизация";17/05/25/В35/1/1025/М-4;17.05.2025;Соответствует;
ПЛП 5;КР М4 км 103 - км 117;109;20.04.2025;А/д М-4 ?Дон? км 106+400 Оп-1;ГСК;22.04.2025;Бетонные образцы-кубы;В наличие;ООО "Трансстроймеханизация";28/04/25/В35/1/1025/М-4;28.04.2025;Соответствует;
ПЛП 5;КР М4 км 103 - км 117;132;14.05.2025;Площадка складирования производственной базы ООО "Трансстроймеханизация" а/д М-4 "Дон";ГСК;15.05.2025;Песок по ГОСТ 32824;В наличие;ООО "Юг";16/05/25/1П/1025/М-4;16.05.2025;Соответствует;
ПЛП 5;КР М4 км 103 - км 117;134;14.05.2025;Штабель на складе хранения производственной базы ООО "Трансстроймеханизация" а.д. М-4 "Дон";ГСК;15.05.2025;ЩПС С-4 по ГОСТ 25607;В наличие;АО Щебеночный завод "Турдейский";16/05/25/1Щ/1025/М-4;16.05.2025;Соответствует;
ПЛП 5;КР М4 км 103 - км 117;126;10.05.2025;16/05/25/1/1025/М-4;ГСК;15.05.2025;АБС SP-22Э по ГОСТ Р 58401.1;Отсутствует;;16/05/25/1/1025/М-4;16.05.2025;Соответствует;
ПЛП 5;КР М4 км 103 - км 117;124;09.05.2025;ПК 1030+00 (обратное направление), шнек асфальтоукладчика;ГСК;15.05.2025;АБС SP-32Э по ГОСТ Р 58401.1;Отсутствует;;16/05/25/2/1025/М-4;16.05.2025;Соответствует;
ПЛП 5;КР М4 км 103 - км 117;125;10.05.2025;ПК 1031+00 (6 полоса, обратное направление);ГСК;15.05.2025;Керны АБ SP-32Э по ГОСТ Р 58401.1;Отсутствует;;15/05/25/1АБ/1025/М4;15.05.2025;Соответствует;
ПЛП 5;КР М4 км 103 - км 117;127;11.05.2025;ПК 1034+00, 4 полоса, обратное направление;ГСК;15.05.2025;Керны АБ SP-22Э по ГОСТ Р 58401.1;Отсутствует;;15/05/25/2АБ/1025/М-4;15.05.2025;Соответствует;
ПЛП 5;КР М4 км 103 - км 117;123;06.05.2025;ПБ М-4 Дон;ГСК;13.05.2025;ОМС 32 К по ГОСТ Р 70197.1;В наличие;ООО "Трансстроймеханизация";13/05/25/1/1025/М-4;13.05.2025;Соответствует;
ПЛП 5;КР М4 км 103 - км 117;107;16.04.2025;ПБ М-4 Дон;ГСК;22.04.2025;Бетонные образцы-кубы;В наличие;ООО "Трансстроймеханизация";14/05/25/В30/1/1025/М-4;14.05.2025;Соответствует;
ПЛП 5;КР М4 км 103 - км 117;113;26.04.2025;км 104+900;ГСК;06.05.2025;Бетонные образцы-кубы;В наличие;ООО "Трансстроймеханизация";12/05/25/В40/1/1025/М-4;12.05.2025;Соответствует;
ПЛП 5;КР М4 км 103 - км 117;120;01.05.2025;ПБ М-4 Дон;ГСК;06.05.2025;Бетонные образцы-кубы;В наличие;ООО "Трансстроймеханизация";12/05/25/В35/3/1025/М-4;12.05.2025;Соответствует;
ПЛП 5;КР М4 км 103 - км 117;121;02.05.2025;ПБ М-4 Дон;ГСК;06.05.2025;Бетонные образцы-кубы;В наличие;ООО "Трансстроймеханизация";12/05/25/В30/3/1025/М-4;12.05.2025;Соответствует;
ПЛП 5;КР М4 км 103 - км 117;117;27.04.2025;ПБ М-4 Дон;ГСК;06.05.2025;Бетонные образцы-кубы;В наличие;ООО "Трансстроймеханизация";12/05/25/В30/2/1025/М-4;12.05.2025;Соответствует;
ПЛП 5;КР М4 км 103 - км 117;116;25.04.2025;ПБ М-4 Дон;ГСК;06.05.2025;Бетонные образцы-кубы;В наличие;ОАО "Агросервис";12/05/25/В30/1/1025/М-4;12.05.2025;Соответствует;
ПЛП 5;КР М4 км 103 - км 117;119;29.04.2025;ПБ М-4 Дон;ГСК;06.05.2025;Бетонные образцы-кубы;В наличие;ООО "Трансстроймеханизация";12/05/25/В25/1/1025/М-4;12.05.2025;Соответствует;
ПЛП 5;КР М4 км 103 - км 117;108;14.04.2025;км 106+260;ГСК;22.04.2025;Бетонные образцы-кубы;В наличие;ООО "Трансстроймеханизация";12/05/25/В35/2/1025/М-4;12.05.2025;Соответствует;
ПЛП 5;КР М4 км 103 - км 117;100;14.04.2025;ПБ М-4 Дон;ГСК;15.04.2025;Бетонные образцы-кубы;В наличие;ООО "Трансстроймеханизация";12/05/25/В35/1/1025/М-4;12.05.2025;Соответствует;
ПЛП 5;КР М4 км 103 - км 117;114;20.04.2025;ПК 1122+00 (обратное напрвление), шнек асфальтоукладчика;ГСК;06.05.2025;АБС SMA-16 по ГОСТ Р 58401.2;Отсутствует;;11/05/25/3/1025/М-4;11.05.2025;Соответствует;
ПЛП 5;КР М4 км 103 - км 117;122;06.05.2025;Площадка складирования производственной базы ООО "Трансстроймеханизация" а/д М-4 "Дон";ГСК;06.05.2025;Песок по ГОСТ 32824;В наличие;ООО "ЮГ";11/05/25/2П/1025/М-4;11.05.2025;Соответствует;
ПЛП 5;КР М4 км 103 - км 117;111;25.04.2025;Площадка складирования производственной базы ООО "Трансстроймеханизация" а/д М-4 "Дон";ГСК;06.05.2025;Песок по ГОСТ 32824;В наличие;ООО "ЮГ";11/05/25/1П/1025/М-4;11.05.2025;Соответствует;
ПЛП 5;КР М4 км 103 - км 117;110;25.04.2025;Штабель на складе хранения производственной базы ООО "Трансстроймеханизация" а.д. М-4 "Дон";ГСК;06.05.2025;ЩПС С-4 по ГОСТ 25607;В наличие;АО Щебеночный завод "Турдейский";11/05/25/1Щ/1025/М-4;11.05.2025;Соответствует;
ПЛП 5;КР М4 км 103 - км 117;118;26.04.2025;ПБ М-4 Дон;ГСК;06.05.2025;ОМС 32 К по ГОСТ Р 70197.1;В наличие;ООО "Трансстроймеханизация";11/05/25/2/1025/М-4;11.05.2025;Соответствует;
ПЛП 5;КР М4 км 103 - км 117;115;21.04.2025;ПК 1118+00, 4 полоса, обратное направление# ПК 1122+00, 6 полоса, обратное направление;ГСК;06.05.2025;Керны АБ SMA-16 по ГОСТ Р 58401.2;Отсутствует;;11/05/25/1/1025/М-4;11.05.2025;Соответствует;
ПЛП 5;КР М4 км 103 - км 117;99;13.04.2025;ПБ М-4 Дон;ГСК;15.04.2025;Бетонные образцы-кубы;В наличие;ООО "Трансстроймеханизация";11/05/25/В30/1/1025/М-4;11.05.2025;Соответствует;
ПЛП 5;КР М4 км 103 - км 117;97;11.04.2025;ПК 1146+00;ГСК;15.04.2025;Бетонные образцы-кубы;В наличие;ОАО "Агросервис";09/05/25/В30/1/1025/М-4;09.05.2025;Соответствует;
ПЛП 5;КР М4 км 103 - км 117;96;08.04.2025;км 104+900;ГСК;15.04.2025;Бетонные образцы-кубы;В наличие;ООО "Трансстроймеханизация";06/05/25/В40/1/1025/М-4;06.05.2025;Соответствует;
ПЛП 5;КР М4 км 103 - км 117;86;03.04.2025;ПК 1143+00 обратное направление;ГСК;08.04.2025;Бетонные образцы-кубы;В наличие;ОАО "Агросервис";06/05/25/В30/1/1025/М-4;06.05.2025;Соответствует;
ПЛП 5;КР М4 км 103 - км 117;95;08.04.2025;ПК 1120+00;ГСК;15.04.2025;Бетонные образцы-кубы;В наличие;ОАО "Агросервис";06/05/25/В20/1/1025/М-4;06.05.2025;Соответствует;
ПЛП 5;КР М4 км 103 - км 117;77;29.03.2025;а/д М-4 "Дон", км103 - км117, км106+400;ГСК;01.04.2025;Бетонные образцы-кубы;В наличие;ООО "ТрансСтройМеханизация";26/04/25/В40/1/1025/М-4;26.04.2025;Соответствует;
ПЛП 5;КР М4 км 103 - км 117;76;28.03.2025;а/д М-4 "Дон", км103 - км117, ПК1141+00 (Обратное направление);ГСК;01.04.2025;Бетонные образцы-кубы;В наличие;ОАО "Агросервис";25/04/25/В30/1/1025/М-4;25.04.2025;Соответствует;
ПЛП 5;КР М4 км 103 - км 117;106;18.04.2025;ПК 1103+50 разделительная полоса;ГСК;22.04.2025;Керны АБ м/з тип Б М II по ГОСТ 9128;Отсутствует;;23/04/25/1АБ/1025/М-1;23.04.2025;Соответствует;
ПЛП 5;КР М4 км 103 - км 117;104;20.04.2025;ПК 1101+50, 6 полоса, обратное направление;ГСК;22.04.2025;Керны АБ SP-22Э по ГОСТ Р 58401.1;Отсутствует;;23/04/25/АБ/1025/М-4;23.04.2025;Соответствует;
ПЛП 5;КР М4 км 103 - км 117;108;14.04.2025;км 106+260;ГСК;22.04.2025;Бетонные образцы-кубы;В наличие;ООО "Трансстроймеханизация";23/04/25/В35/1/1025/М-4;23.04.2025;Соответствует;
ПЛП 5;КР М4 км 103 - км 117;107;16.04.2025;ПБ М-4 Дон;ГСК;22.04.2025;Бетонные образцы-кубы;В наличие;ООО "Трансстроймеханизация";23/04/25/В30/1/1025/М-4;23.04.2025;Соответствует;
ПЛП 5;КР М4 км 103 - км 117;102;19.04.2025;Площадка складирования производственной базы ООО "Трансстроймеханизация" а/д М-4 "Дон";ГСК;22.04.2025;Песок по ГОСТ 32824;В наличие;ООО "ЮГ";23/04/25/1П/1025/М-4;23.04.2025;Соответствует;
ПЛП 5;КР М4 км 103 - км 117;101;19.04.2025;Штабель на складе хранения производственной базы ООО "Трансстроймеханизация" а.д. М-4 "Дон";ГСК;22.04.2025;ЩПС С-4 по ГОСТ 25607;В наличие;АО Щебеночный завод "Турдейский";23/04/25/1Щ/1025/М-4;23.04.2025;Соответствует;
ПЛП 5;КР М4 км 103 - км 117;73;25.03.2025;а/д М-4 "Дон", км103 - км117, км104+900;ГСК;01.04.2025;Бетонные образцы-кубы;В наличие;ООО "ТрансСтройМеханизация";22/04/25/В40/1/1025/М-4;22.04.2025;Соответствует;
ПЛП 5;КР М4 км 103 - км 117;74;25.03.2025;Производственная база ООО "ТСМ" М-4 "Дон";ГСК;01.04.2025;Бетонные образцы-кубы;В наличие;ОАО "Агросервис";22/04/25/В20/1/1025/М-4;22.04.2025;Соответствует;
ПЛП 5;КР М4 км 103 - км 117;100;14.04.2025;ПБ М-4 Дон;ГСК;15.04.2025;Бетонные образцы-кубы;В наличие;ООО "Трансстроймеханизация";21/04/25/В35/1/1025/М-4;21.04.2025;Соответствует;
ПЛП 5;КР М4 км 103 - км 117;99;13.04.2025;ПБ М-4 Дон;ГСК;15.04.2025;Бетонные образцы-кубы;В наличие;ООО "Трансстроймеханизация";21/04/25/В30/1/1025/М-4;21.04.2025;Соответствует;
ПЛП 5;КР М4 км 103 - км 117;68;22.03.2025;ПБ М-4 Дон;ГСК;24.03.2025;Бетонные образцы-кубы;В наличие;ООО "Трансстроймеханизация";19/04/25/В30/1/1025/М-4;19.04.2025;Соответствует;
ПЛП 5;КР М4 км 103 - км 117;67;22.03.2025;Производственная база ООО "ТСМ" М-4 "Дон";ГСК;24.03.2025;Бетонные образцы-кубы;В наличие;ООО "ТрансСтройМеханизация";19/04/25/В35/1/1025/М-4;19.04.2025;Соответствует;
ПЛП 5;КР М4 км 103 - км 117;98;12.04.2025;ПБ М-4 Дон;ГСК;15.04.2025;ОМС 32 К по ГОСТ Р 70197.1;В наличие;ООО "Трансстроймеханизация";19/04/25/1/1025/М-4;19.04.2025;Соответствует;
ПЛП 5;КР М4 км 103 - км 117;97;11.04.2025;ПК 1146+00;ГСК;15.04.2025;Бетонные образцы-кубы;В наличие;ОАО "Агросервис";18/04/25/В30/1/1025/М-4;18.04.2025;Соответствует;
ПЛП 5;КР М4 км 103 - км 117;91;11.04.2025;ПК 1126+00 (прямое направление), шнек асфальтоукладчика;ГСК;15.04.2025;АБС SMA-16 по ГОСТ Р 58401.2;Отсутствует;;17/04/25/1/1025/М-4;17.04.2025;Соответствует;
ПЛП 5;КР М4 км 103 - км 117;89;09.04.2025;ПК 1117+00 (прямое направление), шнек асфальтоукладчика;ГСК;15.04.2025;АБС SP-22Э по ГОСТ Р 58401.1;Отсутствует;;17/04/25/АБС/1025/М-4;17.04.2025;Соответствует;
ПЛП 5;КР М4 км 103 - км 117;66;20.03.2025;ПК 1141+00 обратное направление;ГСК;24.03.2025;Бетонные образцы-кубы;В наличие;ОАО "Агросервис";17/04/30/1/1025/М-4;17.04.2025;Соответствует;
ПЛП 5;КР М4 км 103 - км 117;92;12.04.2025;ПК 1118+00, 2 полоса, прямое направление# ПК 1132+00, 5 полоса, прямое направление;ГСК;15.04.2025;Керны АБ SMA-16 по ГОСТ Р 58401.2;Отсутствует;;16/04/25/1/1025/М-4;16.04.2025;Соответствует;
ПЛП 5;КР М4 км 103 - км 117;90;10.04.2025;ПК 1115+00, 5 полоса, прямое направление;ГСК;15.04.2025;Керны АБ SP-22Э по ГОСТ Р 58401.1;Отсутствует;;16/04/25/АБ/1025/М-4;16.04.2025;Соответствует;
ПЛП 5;КР М4 км 103 - км 117;93;12.04.2025;Штабель на складе хранения производственной базы ООО "Трансстроймеханизация" а.д. М-4 "Дон";ГСК;15.04.2025;ЩПС С-4 по ГОСТ 25607;В наличие;АО Щебеночный завод "Турдейский";16/04/25/1Щ/1025/М-4;16.04.2025;Соответствует;
ПЛП 5;КР М4 км 103 - км 117;94;12.04.2025;Площадка складирования производственной базы ООО "Трансстроймеханизация" а/д М-4 "Дон";ГСК;15.04.2025;Песок по ГОСТ 32824;В наличие;ООО "ЮГ";16/04/25/1П/1025/М-4;16.04.2025;Соответствует;
ПЛП 5;КР М4 км 103 - км 117;96;08.04.2025;км 104+900;ГСК;15.04.2025;Бетонные образцы-кубы;В наличие;ООО "Трансстроймеханизация";15/04/25/В40/1/1025/М-4;15.04.2025;Соответствует;
ПЛП 5;КР М4 км 103 - км 117;95;08.04.2025;ПК 1120+00;ГСК;15.04.2025;Бетонные образцы-кубы;В наличие;ОАО "Агросервис";15/04/25/В20/1/1025/М-4;15.04.2025;Соответствует;
ПЛП 5;КР М4 км 103 - км 117;87;04.04.2025;ПБ М-4 Дон;ГСК;08.04.2025;ОМС 32 К по ГОСТ Р 70197.1;В наличие;ООО "Трансстроймеханизация";11/04/25/1/1025/М-4;11.04.2025;Соответствует;
ПЛП 5;КР М4 км 103 - км 117;82;07.04.2025;Штабель на складе хранения производственной базы ООО "Трансстроймеханизация" а.д. М-4 "Дон";ГСК;08.04.2025;ЩПС С-4 по ГОСТ 25607;В наличие;АО Щебеночный завод "Турдейский";10/04/25/1Щ/1025/М-4;10.04.2025;Соответствует;
ПЛП 5;КР М4 км 103 - км 117;83;07.04.2025;Площадка складирования производственной базы ООО "Трансстроймеханизация" а/д М-4 "Дон";ГСК;08.04.2025;Песок по ГОСТ 32824;В наличие;ООО "ЮГ";10/04/25/1П/1025/М-4;10.04.2025;Соответствует;
ПЛП 5;КР М4 км 103 - км 117;84;04.04.2025;ПК 1112+00 (прямое направление), шнек асфальтоукладчика;ГСК;08.04.2025;АБС SP-32Э по ГОСТ Р 58401.1;Отсутствует;;10/04/25/АБС/1025/М-4;10.04.2025;Соответствует;
ПЛП 5;КР М4 км 103 - км 117;59;13.03.2025;ПБ М-4 Дон;ГСК;18.03.2025;Бетонные образцы-кубы;В наличие;ООО "Трансстроймеханизация";10/04/25/В35/2/1025/М-4;10.04.2025;Соответствует;
ПЛП 5;КР М4 км 103 - км 117;58;13.03.2025;ПБ М-4 Дон;ГСК;18.03.2025;Бетонные образцы-кубы;В наличие;ООО "Трансстроймеханизация";10/04/25/В35/1/1025/М-4;10.04.2025;Соответствует;
ПЛП 5;КР М4 км 103 - км 117;86;03.04.2025;ПК 1143+00 обратное направление;ГСК;08.04.2025;Бетонные образцы-кубы;В наличие;ОАО "Агросервис";10/04/25/В30/1/1025/М-4;10.04.2025;Соответствует;
ПЛП 5;КР М4 км 103 - км 117;88;06.04.2025;а/д М-4 "Дон", км103 - км117, ПК1130+00 2 полоса, прямое направление;ГСК;08.04.2025;Керны АБ SP-22Э по ГОСТ Р 58401.1;Отсутствует;;09/04/25/2/1025/М-4;09.04.2025;Соответствует;
ПЛП 5;КР М4 км 103 - км 117;85;03.04.2025;а/д М-4 "Дон", км103 - км117, ПК1130+00 5 полоса, прямое направление;ГСК;08.04.2025;Керны АБ SP-32Э по ГОСТ Р 58401.1;Отсутствует;;09/04/25/1/1025/М-4;09.04.2025;Соответствует;
ПЛП 5;КР М4 км 103 - км 117;57;12.03.2025;а/д М-4 "Дон", км103 - км117, км104+900;ГСК;18.03.2025;Бетонные образцы-кубы;В наличие;ООО "ТрансСтройМеханизация";09/04/25/B40/1/1025/М-4;09.04.2025;Соответствует;
ПЛП 5;КР М4 км 103 - км 117;222-4;12.03.2025;Временная производственная база км73;ГСК;31.03.2025;Бетонные образцы-кубы;В наличие;ООО "ТрансСтройМеханизация";09/04/25/B35/1/1414/М-1;09.04.2025;Соответствует;
ПЛП 5;КР М4 км 103 - км 117;56;11.03.2025;а/д М-4 "Дон", км103 - км117, ПК1141+00 Обратное направление;ГСК;18.03.2025;Бетонные образцы-кубы;В наличие;ОАО "Агросервис";08/04/25/B30/1/1025/М-4;08.04.2025;Соответствует;
ПЛП 5;КР М4 км 103 - км 117;77;29.03.2025;а/д М-4 "Дон", км103 - км117, км106+400;ГСК;01.04.2025;Бетонные образцы-кубы;В наличие;ООО "ТрансСтройМеханизация";07/04/25/B40/2/1025/М-4;07.04.2025;Соответствует;
ПЛП 5;КР М4 км 103 - км 117;53;10.03.2025;Производственная база ООО "ТСМ" М-4 "Дон";ГСК;11.03.2025;Бетонные образцы-кубы;В наличие;ООО "ТрансСтройМеханизация";07/04/25/B40/1/1025/М-4;07.04.2025;Соответствует;
ПЛП 5;КР М4 км 103 - км 117;76;28.03.2025;а/д М-4 "Дон", км103 - км117, ПК1141+00 (Обратное направление);ГСК;01.04.2025;Бетонные образцы-кубы;В наличие;ОАО "Агросервис";04/04/25/B30/3/М-4;04.04.2025;Соответствует;
ПЛП 5;КР М4 км 103 - км 117;52;07.03.2025;а/д М-4 "Дон", км103 - км117, ПК1140+60 Обратное направление;ГСК;11.03.2025;Бетонные образцы-кубы;В наличие;ОАО "Агросервис";04/04/25/B30/1/1025/М-4;04.04.2025;Соответствует;
ПЛП 5;КР М4 км 103 - км 117;51;07.03.2025;а/д М-4 "Дон", км103 - км117, ПК1140+60 Обратное направление;ГСК;11.03.2025;Бетонные образцы-кубы;В наличие;ОАО "Агросервис";04/04/25/B20/2/1025/М-4;04.04.2025;Соответствует;
ПЛП 5;КР М4 км 103 - км 117;73;25.03.2025;а/д М-4 "Дон", км103 - км117, км104+900;ГСК;01.04.2025;Бетонные образцы-кубы;В наличие;ООО "ТрансСтройМеханизация";02/04/25/B40/3/1025/М-4;02.04.2025;Соответствует;
ПЛП 5;КР М4 км 103 - км 117;50;05.03.2025;Производственная база ООО "ТСМ" М-4 "Дон";ГСК;11.03.2025;Бетонные образцы-кубы;В наличие;ООО "ТрансСтройМеханизация";02/04/25/B35/2/1025/М-4;02.04.2025;Соответствует;
ПЛП 5;КР М4 км 103 - км 117;49;05.03.2025;Производственная база ООО "ТСМ" М-4 "Дон";ГСК;11.03.2025;Бетонные образцы-кубы;В наличие;ООО "ТрансСтройМеханизация";02/04/25/B35/1/1025/М-4;02.04.2025;Соответствует;
ПЛП 5;КР М4 км 103 - км 117;74;25.03.2025;Производственная база ООО "ТСМ" М-4 "Дон";ГСК;01.04.2025;Бетонные образцы-кубы;В наличие;ОАО "Агросервис";02/04/25/B20/4/1025/М-4;02.04.2025;Соответствует;
ПЛП 5;КР М4 км 103 - км 117;67;22.03.2025;Производственная база ООО "ТСМ" М-4 "Дон";ГСК;24.03.2025;Бетонные образцы-кубы;В наличие;ООО "ТрансСтройМеханизация";01/04/25/B35/1/1025/М-4;01.04.2025;Соответствует;
ПЛП 5;КР М4 км 103 - км 117;68;22.03.2025;Производственная база ООО "ТСМ" М-4 "Дон";ГСК;24.03.2025;Бетонные образцы-кубы;В наличие;ООО "ТрансСтройМеханизация";01/04/25/B30/2/1025/М-4;01.04.2025;Соответствует;
ПЛП 5;КР М4 км 103 - км 117;70;28.03.2025;Производственная база ООО "ТСМ" М-4 "Дон";ГСК;01.04.2025;ЩПС С-4 по ГОСТ 25607;В наличие;АО Щебёночный завод "Турдейский";03/04/25/1Щ/1025/М-4;03.04.2025;Соответствует;
ПЛП 5;КР М4 км 103 - км 117;71;28.03.2025;Производственная база ООО "ТСМ" М-4 "Дон";ГСК;01.04.2025;Щебень фр. 20-40 мм по ГОСТ 8267;В наличие;АО Щебёночный завод "Турдейский";03/04/25/2Щ/1025/М-4;03.04.2025;Соответствует;
ПЛП 5;КР М4 км 103 - км 117;72;28.03.2025;Производственная база ООО "ТСМ" М-4 "Дон";ГСК;01.04.2025;Песок по ГОСТ 32824;В наличие;ООО "Юг";03/04/25/1П/1025/М-4;03.04.2025;Соответствует;
ПЛП 5;КР М4 км 103 - км 117;75;26.03.2025;Производственная база ООО "ТСМ" М-4 "Дон";ГСК;01.04.2025;ОМС 32 К по ГОСТ Р 70197.1;В наличие;ООО "ТрансСтройМеханизация";02/04/25/АГБ/1025/М-4;02.04.2025;Соответствует;
ПЛП 5;КР М4 км 103 - км 117;78;26.03.2025;а/д М-4 "Дон", км103 - км117, ПК1163+00 (Обратное направление), шнек асфальтоукладчика;ГСК;01.04.2025;АБС SP-22Э по ГОСТ Р 58401.1;Отсутствует;;03/04/25/1/1025/М-4;03.04.2025;Соответствует;
ПЛП 5;КР М4 км 103 - км 117;80;27.03.2025;а/д М-4 "Дон", км103 - км117, ПК1164+50;ГСК;01.04.2025;Керны АБ SP-32Э по ГОСТ Р 58401.1;Отсутствует;;02/04/25/1/1025/М-4;02.04.2025;Соответствует;
ПЛП 5;КР М4 км 103 - км 117;79;27.03.2025;а/д М-4 "Дон", км103 - км117, ПК1166+00;ГСК;01.04.2025;Керны АБ SP-22Э по ГОСТ Р 58401.1;Отсутствует;;02/04/25/2/1025/М-4;02.04.2025;Соответствует;
ПЛП 5;КР М4 км 103 - км 117;81;29.03.2025;а/д М-4 "Дон", км103 - км117, ПК1165+50;ГСК;01.04.2025;Керны АБ SMA-16 по ГОСТ Р 58401.2;Отсутствует;;02/04/25/3/1025/М-4;02.04.2025;Соответствует;
ПЛП 5;КР М4 км 103 - км 117;66;20.03.2025;ПК1141+00 (Обратное направление);ГСК;24.03.2025;Бетонные образцы-кубы;В наличие;ОАО "Агросервис";27/03/25/B30/2/1025/М-4;27.03.2025;Соответствует;
ПЛП 5;КР М4 км 103 - км 117;43;27.02.2025;ПК1140+60 (Обратное направление, стадия 3);ГСК;04.03.2025;Бетонные образцы-кубы;В наличие;ОАО "Агросервис";27/03/25/B30/1/1025/М-4;27.03.2025;Соответствует;
ПЛП 5;КР М4 км 103 - км 117;62# 69;17.03.2025;ПК1163+00# ПК1168+65;ГСК;24.03.2025;Керны АБ SP-32Э по ГОСТ Р 58401.1;Отсутствует;;25/03/25/1АБ/1025/М4;25.03.2025;Соответствует;
ПЛП 5;КР М4 км 103 - км 117;64;20.03.2025;Штабель складирования на производственной базе ТСМ;ГСК;24.03.2025;ЩПС С-4 по ГОСТ 25607;В наличие;АО Щебёночный завод "Турдейский";25/03/25/1Щ/1025/М-4;25.03.2025;Соответствует;
ПЛП 5;КР М4 км 103 - км 117;48;07.03.2025;Штабель складирования на производственной базе ТСМ;ГСК;11.03.2025;ЩПС С-4 по ГОСТ 25607;В наличие;АО Щебёночный завод "Турдейский";12/03/25/2Щ/1025/М-4;12.03.2025;Соответствует;
ПЛП 5;КР М4 км 103 - км 117;45;28.02.2025;Штабель складирования на производственной базе ТСМ;ГСК;04.03.2025;ЩПС С-4 по ГОСТ 25607;В наличие;АО Щебёночный завод "Турдейский";06/03/25/1Щ/1025/М-4;06.03.2025;Соответствует;
ПЛП 5;КР М4 км 103 - км 117;55;12.03.2025;Штабель складирования на производственной базе ТСМ;ГСК;18.03.2025;Щебень фр. 20-40 мм по ГОСТ 8267;В наличие;АО Щебёночный завод "Турдейский";19/03/25/1Щ/1025/М-4;19.03.2025;Соответствует;
ПЛП 5;КР М4 км 103 - км 117;47;07.03.2025;Штабель складирования на производственной базе ТСМ;ГСК;11.03.2025;Щебень фр. 20-40 мм по ГОСТ 8267;В наличие;АО Щебёночный завод "Турдейский";12/03/25/1Щ/1025/М-4;12.03.2025;Соответствует;
ПЛП 5;КР М4 км 103 - км 117;59;13.03.2025;Производственная база ООО "ТСМ" М-4 "Дон";ГСК;18.03.2025;Бетонные образцы-кубы;В наличие;ООО "ТрансСтройМеханизация";20/03/25/B35/2/1025/М-4;20.03.2025;Соответствует;
ПЛП 5;КР М4 км 103 - км 117;58;13.03.2025;Производственная база ООО "ТСМ" М-4 "Дон";ГСК;18.03.2025;Бетонные образцы-кубы;В наличие;ООО "ТрансСтройМеханизация";20/03/25/B35/1/1025/М-4;20.03.2025;Соответствует;
ПЛП 5;КР М4 км 103 - км 117;42;20.02.2025;ПК1146+00;ГСК;25.02.2025;Бетонные образцы-кубы;В наличие;ОАО "Агросервис";20/03/25/B30/1/1025/М-4;20.03.2025;Соответствует;
ПЛП 5;КР М4 км 103 - км 117;57;12.03.2025;км104+900;ГСК;18.03.2025;Бетонные образцы-кубы;В наличие;ООО "ТрансСтройМеханизация";19/03/25/B40/1/1025/М-4;19.03.2025;Соответствует;
ПЛП 5;КР М4 км 103 - км 117;56;11.03.2025;ПК1141+00 (Обратное направление);ГСК;18.03.2025;Бетонные образцы-кубы;В наличие;ОАО "Агросервис";18/03/25/B30/1/1025/М-4;18.03.2025;Соответствует;
ПЛП 5;КР М4 км 103 - км 117;53;10.03.2025;Производственная база ООО "ТСМ" М-4 "Дон";ГСК;11.03.2025;Бетонные образцы-кубы;В наличие;ООО "ТрансСтройМеханизация";17/03/25/B40/1/1025/М-4;17.03.2025;Соответствует;
ПЛП 5;КР М4 км 103 - км 117;52;07.03.2025;ПК1140+60 (Обратное направление);ГСК;11.03.2025;Бетонные образцы-кубы;В наличие;ОАО "Агросервис";14/03/25/B30/1/1025/М-4;14.03.2025;Соответствует;
ПЛП 5;КР М4 км 103 - км 117;51;07.03.2025;ПК1140+60 (Обратное направление);ГСК;11.03.2025;Бетонные образцы-кубы;В наличие;ОАО "Агросервис";14/03/25/B20/2/1025/М-4;14.03.2025;Соответствует;
ПЛП 5;КР М4 км 103 - км 117;38;14.02.2025;ПК1068+80;ГСК;18.02.2025;Бетонные образцы-кубы;В наличие;ОАО "Агросервис";14/03/25/B20/1/1025/М-4;14.03.2025;Соответствует;
ПЛП 5;КР М4 км 103 - км 117;49;05.03.2025;Производственная база ООО "ТСМ" М-4 "Дон";ГСК;11.03.2025;Бетонные образцы-кубы;В наличие;ООО "ТрансСтройМеханизация";12/03/25/B35/2/1025/М-4;12.03.2025;Соответствует;
ПЛП 5;КР М4 км 103 - км 117;50;05.03.2025;Производственная база ООО "ТСМ" М-4 "Дон";ГСК;11.03.2025;Бетонные образцы-кубы;В наличие;ООО "ТрансСтройМеханизация";12/03/25/B35/1/1025/М-4;12.03.2025;Соответствует;
ПЛП 5;КР М4 км 103 - км 117;37;10.02.2025;ПК1140+00;ГСК;18.02.2025;Бетонные образцы-кубы;В наличие;ОАО "Агросервис";10/03/25/B30/1/1025/М-4;10.03.2025;Соответствует;
ПЛП 5;КР М4 км 103 - км 117;43;27.02.2025;ПК1140+60 (Обратное направление, стадия 3);ГСК;04.03.2025;Бетонные образцы-кубы;В наличие;ОАО "Агросервис";06/03/25/B30/1/1025/М-4;06.03.2025;Соответствует;
ПЛП 5;КР М4 км 103 - км 117;30;03.02.2025;ПК1142+50 (Обратное напраление);ГСК;11.02.2025;Бетонные образцы-кубы;В наличие;ОАО "Агросервис";03/03/25/B30/1/1025/М-4;03.03.2025;Соответствует;
ПЛП 5;КР М4 км 103 - км 117;65;20.03.2025;Штабель складирования на производственной базе ТСМ;ГСК;24.03.2025;Песок по ГОСТ 32824;В наличие;ООО "Юг";25/03/25/1П/1025/М-4;25.03.2025;Соответствует;
ПЛП 5;КР М4 км 103 - км 117;54;12.03.2025;Штабель складирования на производственной базе ТСМ;ГСК;18.03.2025;Песок по ГОСТ 32824;В наличие;ООО "Юг";19/03/25/1П/1025/М-4;19.03.2025;Соответствует;
ПЛП 5;КР М4 км 103 - км 117;46;07.03.2025;Штабель складирования на производственной базе ТСМ;ГСК;11.03.2025;Песок по ГОСТ 32824;В наличие;ООО "Юг";12/03/25/1П/1025/М-4;12.03.2025;Соответствует;
ПЛП 5;КР М4 км 103 - км 117;44;28.02.2025;Штабель складирования на производственной базе ТСМ;ГСК;04.03.2025;Песок по ГОСТ 32824;В наличие;ООО "Юг";06/03/25/1П/1025/М-4;06.03.2025;Соответствует;
ПЛП 5;КР М4 км 103 - км 117;63;18.03.2025;Производственная база ООО "ТСМ" М-4 "Дон";ГСК;24.03.2025;ОМС 32 К по ГОСТ Р 70197.1;В наличие;ООО "ТрансСтройМеханизация";25/03/25/1/1025/М-4;25.03.2025;Соответствует;
ПЛП 5;КР М4 км 103 - км 117;60;14.03.2025;Производственная база ООО "ТСМ" М-4 "Дон";ГСК;18.03.2025;ОМС 32 К по ГОСТ Р 70197.1;В наличие;ООО "ТрансСтройМеханизация";21/03/25/1/1025/М-4;21.03.2025;Соответствует;
ПЛП 5;КР М4 км 103 - км 117;61;16.03.2025;ПК1162+50 (Прямое направление), шнек асфальтоукладчика;ГСК;18.03.2025;АБС SP-32Э по ГОСТ Р 58401.1;Отсутствует;;20/03/25/АБС/1025/М-4;20.03.2025;Соответствует;
ПЛП 5;КР М4 км 103 - км 117;41;24.02.2025;Штабель складирования на производственной базе ТСМ;ГСК;25.02.2025;ЩПС С-4 по ГОСТ 25607;В наличие;АО Щебёночный завод "Турдейский";26/02/25/1Щ/1025/М-4;26.02.2025;Соответствует;
ПЛП 5;КР М4 км 103 - км 117;36;13.02.2025;Штабель складирования на производственной базе ТСМ;ГСК;18.02.2025;ЩПС С-4 по ГОСТ 25607;В наличие;АО Щебёночный завод "Турдейский";19/02/25/2Щ/1025/М-4;19.02.2025;Соответствует;
ПЛП 5;КР М4 км 103 - км 117;32;06.02.2025;Штабель складирования на производственной базе ТСМ;ГСК;11.02.2025;ЩПС С-4 по ГОСТ 25607;В наличие;АО Щебёночный завод "Турдейский";12/02/25/2Щ/1025/М-4;12.02.2025;Соответствует;
ПЛП 5;КР М4 км 103 - км 117;35;13.02.2025;Штабель складирования на производственной базе ТСМ;ГСК;18.02.2025;Щебень фр. 20-40 мм по ГОСТ 8267;В наличие;ООО "Барсуковское рудоуправление";19/02/25/1Щ/1025/М-4;19.02.2025;Соответствует;
ПЛП 5;КР М4 км 103 - км 117;31;05.02.2025;Штабель складирования на производственной базе ТСМ;ГСК;11.02.2025;Щебень фр. 20-40 мм по ГОСТ 8267;В наличие;ООО "Барсуковское рудоуправление";12/02/25/1Щ/1025/М-4;12.02.2025;Соответствует;
ПЛП 5;КР М4 км 103 - км 117;42;20.02.2025;ПК1146+00;ГСК;25.02.2025;Бетонные образцы-кубы;В наличие;ОАО "Агросервис";27/02/25/B30/1/1025/М-4;27.02.2025;Соответствует;
ПЛП 5;КР М4 км 103 - км 117;3;29.01.2025;км104+900;ГСК;18.02.2025;Бетонные образцы-кубы;В наличие;ОАО "Агросервис";26/02/25/B35/1/1025/М-4;26.02.2025;Соответствует;
ПЛП 5;КР М4 км 103 - км 117;38;14.02.2025;ПК1068+80;ГСК;18.02.2025;Бетонные образцы-кубы;В наличие;ОАО "Агросервис";21/01/25/B20/2/1025/М-4;21.02.2025;Соответствует;
ПЛП 5;КР М4 км 103 - км 117;3;29.01.2025;км104+900;ГСК;18.02.2025;Бетонные образцы-кубы;В наличие;ОАО "Агросервис";19/02/25/B35/1/1025/М-4;19.02.2025;Соответствует;
ПЛП 5;КР М4 км 103 - км 117;37;10.02.2025;ПК1140+00;ГСК;18.02.2025;Бетонные образцы-кубы;В наличие;ОАО "Агросервис";18/02/25/B30/2/1025/М-4;18.02.2025;Соответствует;
ПЛП 5;КР М4 км 103 - км 117;30;03.02.2025;ПК1142+50 (Обратное напраление);ГСК;11.02.2025;Бетонные образцы-кубы;В наличие;ОАО "Агросервис";11/02/25/B30/1/1025/М-4;11.02.2025;Соответствует;
ПЛП 5;КР М4 км 103 - км 117;40;24.02.2025;Штабель складирования на производственной базе ТСМ;ГСК;25.02.2025;Песок по ГОСТ 32824;В наличие;ООО "Юг";26/02/25/1П/1025/М-4;26.02.2025;Соответствует;
ПЛП 5;КР М4 км 103 - км 117;34;13.02.2025;Штабель складирования на производственной базе ТСМ;ГСК;18.02.2025;Песок по ГОСТ 32824;В наличие;ООО "Тульский известняк";19/02/25/1П/1025/М-4;19.02.2025;Соответствует;
ПЛП 5;КР М4 км 103 - км 117;33;06.02.2025;Штабель складирования на производственной базе ТСМ;ГСК;11.02.2025;Песок по ГОСТ 32824;В наличие;ООО "Юг";12/02/25/1П/1025/М-4;12.02.2025;Соответствует;
ПЛП 5;КР М4 км 103 - км 117;27;24.01.2025;ПК1162+01 - ПК1165+16 (Разделительная полоса);ГСК;28.01.2025;Бетонные образцы-кубы;В наличие;ОАО "Агросервис";21/02/25/B20/1/1025/М-4;21.02.2025;Соответствует;
ПЛП 5;КР М4 км 103 - км 117;28;21.01.2025;ПК1141+00;ГСК;28.01.2025;Бетонные образцы-кубы;В наличие;ООО "ТрансСтройМеханизация";18/02/25/В30/1/1025;18.02.2025;Соответствует;
ПЛП 5;КР М4 км 103 - км 117;28;27.01.2025;Штабель складирования на производственной базе ТСМ;ГСК;28.01.2025;Бетонные образцы-кубы;В наличие;ООО "ТрансСтройМеханизация";18/02/25/B30/1/1025/М-4;18.02.2025;Соответствует;
ПЛП 5;КР М4 км 103 - км 117;29;28.01.2025;Штабель складирования на производственной базе ТСМ;ГСК;28.01.2025;ЩПС С-4 по ГОСТ 25607;В наличие;АО Щебёночный завод "Турдейский";30/01/25/1Щ/1025/М-4;30.01.2025;Соответствует;
ПЛП 5;КР М4 км 103 - км 117;27;24.01.2025;ПК1162+01 - ПК1165+16 (Разделительная полоса);ГСК;28.01.2025;Бетонные образцы-кубы;В наличие;ОАО "Агросервис";31/01/25/B20/1/1025/М-4;31.01.2025;Соответствует;
ПЛП 5;КР М4 км 103 - км 117;28;21.01.2025;ПК1141+00;ГСК;28.01.2025;Бетонные образцы-кубы;В наличие;ООО "ТрансСтройМеханизация";30/01/25/B30/1025/М-4;30.01.2025;Соответствует;
ПЛП 5;КР М4 км 103 - км 117;16;18.12.2024;ПК1153+97 - ПК1157+40 (Разделительная полоса);ГСК;18.12.2024;Бетонные образцы-кубы;В наличие;ОАО "Агросервис";15/01/25/B20/1025/М-4;15.01.2025;Соответствует;
ПЛП 5;КР М4 км 103 - км 117;28;27.01.2025;Штабель складирования на производственной базе ТСМ;ГСК;28.01.2025;Песок по ГОСТ 32824;В наличие;ООО "Тульский известняк";30/01/25/1П/1025/М-4;30.01.2025;Соответствует;
ПЛП 5;КР М4 км 103 - км 117;21;05.01.2025;ПК1171+00 (прямое направление, 5 полоса), шнек асфальтоукладчика;ГСК;09.01.2025;ОМС 32 К по ГОСТ Р 70197.1;В наличие;ООО "ТрансСтройМеханизация";14/01/25/1/2025/М-4;14.01.2025;Соответствует;
ПЛП 5;КР М4 км 103 - км 117;24;07.01.2025;ПК1164+40# ПК1171+00 (5 полоса, прямое направление);ГСК;14.01.2025;Керны АБ SP-32Э по ГОСТ Р 58401.1;Отсутствует;;15/01/25/1АБ/1025/М4;15.01.2025;Соответствует;
ПЛП 5;КР М4 км 103 - км 117;20;05.01.2025;ПК1160+00 (Прямое направление, 5 полоса), шнек асфальтоукладчика;ГСК;14.01.2025;АБС SP-32Э по ГОСТ Р 58401.1;В наличие;ООО "ТрансСтройМеханизация";16/01/25/АБС/1025/М-4;16.01.2025;Соответствует;
ПЛП 5;КР М4 км 103 - км 117;22;15.01.2025;ПК1158+50 (3 полоса, Обратное направление), Шнек асфальтоукладчика;ГСК;16.01.2025;АБС SP-22Э по ГОСТ Р 58401.1;Отсутствует;;18/01/25/АБС/1025/М-4;18.01.2025;Соответствует;
ПЛП 5;КР М4 км 103 - км 117;23;16.01.2025;ПК1158+00# ПК1160+00;ГСК;16.01.2025;Керны АБ SP-22Э по ГОСТ Р 58401.1;Отсутствует;;17/01/25/АБ/1025/М-4;17.01.2025;Соответствует;
ПЛП 5;КР М4 км 103 - км 117;25;25.01.2025;ПК1149+00# ПК1153+00 (Прямое направление, полоса №1);ГСК;28.01.2025;Керны АБ SMA-16 по ГОСТ Р 58401.2;Отсутствует;;30/01/25/2/1025/М-4;30.01.2025;Соответствует;
ПЛП 5;КР М4 км 103 - км 117;26;22.01.2025;ПК1145+00 (Прямое направление), шнек асфальтоукладчика;ГСК;28.01.2025;АБС SMA-16 по ГОСТ Р 58401.2;Отсутствует;;30/01/25/1/1025/М-4;30.01.2025;Соответствует;
